Test,,Age,CustomTags,Measurements,Metrics,,
Test,,Age,CustomTags,Measurements,Metrics,,
Test,,Age,CustomTags,Measurements,Metrics,,
Test,,Age,CustomTags,Measurements,Metrics,,
Test,,Age,CustomTags,Measurements,Metrics,,
Test,,Age,CustomTags,Measurements,Metrics,,
Test,,Age,CustomTags,Measurements,Metrics,,
Test,,Age,CustomTags,Measurements,Metrics,,
Test,,Age,CustomTags,Measurements,Metrics,,
Test,,Age,CustomTags,Measurements,Metrics,,
Test,,Age,CustomTags,Measurements,Metrics,,
Test,,Age,CustomTags,Measurements,Metrics,,
Test,,Age,CustomTags,Measurements,Metrics,,
Test,,Age,CustomTags,Measurements,Metrics,,
Test,,Age,CustomTags,Measurements,Metrics,,
Test,,Age,CustomTags,Measurements,Metrics,,
Test,,Age,CustomTags,Measurements,Metrics,,
Test,,Age,CustomTags,Measurements,Metrics,,
Test,,Age,CustomTags,Measurements,Metrics,,
Test,,Age,CustomTags,Measurements,Metrics,,
Test,,Age,CustomTags,Measurements,Metrics,,
Test,,Age,CustomTags,Measurements,Metrics,,
Test,,Age,CustomTags,Measurements,Metrics,,
Test,,Age,CustomTags,Measurements,Metrics,,
Test,,Age,CustomTags,Measurements,Metrics,,
Test,,Age,CustomTags,Measurements,Metrics,,
Test,,Age,CustomTags,Measurements,Metrics,,
Test,,Age,CustomTags,Measurements,Metrics,,
Test,,Age,CustomTags,Measurements,Metrics,,
Test,,Age,CustomTags,Measurements,Metrics,,
Test,,Age,CustomTags,Measurements,Metrics,,
Test,,Age,CustomTags,Measurements,Metrics,,
Test,,Age,CustomTags,Measurements,Metrics,,
Test,,Age,CustomTags,Measurements,Metrics,,
Test,,Age,CustomTags,Measurements,Metrics,,
Test,,Age,CustomTags,Measurements,Metrics,,
Test,,Age,CustomTags,Measurements,Metrics,,
Test,,Age,CustomTags,Measurements,Metrics,,
Test,,Age,CustomTags,Measurements,Metrics,,
Test,,Age,CustomTags,Measurements,Metrics,,
Test,,Age,CustomTags,Measurements,Metrics,,
